{
  "project_info": {
    "project_number": "527527013265",
    "project_id": "asca-e34ed",
    "storage_bucket": "asca-e34ed.appspot.com"
  },
  "client": [
    {
      "client_info": {
        "mobilesdk_app_id": "1:527527013265:android:7d46c225a97a9c078b4830",
        "android_client_info": {
          "package_name": "com.mycompany.asca"
        }
      },
      "oauth_client": [],
      "api_key": [
        {
          "current_key": "AIzaSyCr5s4kIQyqPS8B7AX0ptiB2Y6lemrFV4c"
        }
      ],
      "services": {
        "appinvite_service": {
          "other_platform_oauth_client": []
        }
      }
    }
  ],
  "configuration_version": "1"
}