{
  "project_info": {
    "project_number": "144501533847",
    "project_id": "a-s-c-mobile-w2qllz",
    "storage_bucket": "a-s-c-mobile-w2qllz.appspot.com"
  },
  "client": [
    {
      "client_info": {
        "mobilesdk_app_id": "1:144501533847:android:b459410f462da1713b4dd2",
        "android_client_info": {
          "package_name": "com.mycompany.ascmobile"
        }
      },
      "oauth_client": [],
      "api_key": [
        {
          "current_key": "AIzaSyCsz22aL4af8gLus-_MprVS2q3YIJo5QI4"
        }
      ],
      "services": {
        "appinvite_service": {
          "other_platform_oauth_client": []
        }
      }
    }
  ],
  "configuration_version": "1"
}